Numero;Data Inizio Pubblicazione;Data Celebrazione;Data Fine Pubblicazione;Data Atto ;Durata Pubblicazione;Giorni intercorsi tra atto e inizio pubblicazione
1;2024-01-03;2024-01-15;2024-01-11;2024-01-03;9;0
2;2024-01-03;2024-01-15;2024-01-11;2024-01-03;9;0
3;2024-01-05;2024-01-17;2024-01-13;2024-01-05;9;0
4;2024-01-05;2024-01-17;2024-01-13;2024-01-05;9;0
5;2024-01-09;2024-01-21;2024-01-17;2024-01-09;9;0
6;2024-01-10;2024-01-22;2024-01-18;2024-01-10;9;0
7;2024-01-12;2024-01-24;2024-01-20;2024-01-12;9;0
8;2024-03-07;2024-03-19;2024-03-15;2024-01-16;9;51
9;2024-01-16;2024-01-25;2024-01-24;2024-01-16;9;0
10;2024-01-18;2024-01-30;2024-01-26;2024-01-18;9;0
11;2024-01-18;2024-01-29;2024-01-26;2024-01-18;9;0
12;2024-02-08;2024-02-20;2024-02-16;2024-01-19;9;20
13;2024-01-23;2024-02-04;2024-01-31;2024-01-23;9;0
14;2024-01-24;2024-02-05;2024-02-01;2024-01-24;9;0
15;2024-01-24;2024-02-05;2024-02-01;2024-01-24;9;0
16;2024-01-26;2024-02-07;2024-02-03;2024-01-26;9;0
17;2024-03-21;2024-04-02;2024-03-29;2024-01-26;9;55
18;2024-02-01;2024-02-13;2024-02-09;2024-02-01;9;0
19;2024-02-02;2024-02-16;2024-02-10;2024-02-02;9;0
20;2024-02-06;2024-02-18;2024-02-14;2024-02-06;9;0
21;2024-02-07;2024-02-19;2024-02-15;2024-02-07;9;0
22;2024-02-07;2024-02-19;2024-02-15;2024-02-07;9;0
23;2024-02-08;2024-02-20;2024-02-16;2024-02-08;9;0
24;2024-02-08;2024-02-20;2024-02-16;2024-02-08;9;0
25;2024-02-09;2024-02-21;2024-02-17;2024-02-09;9;0
26;2024-02-09;2024-02-21;2024-02-17;2024-02-09;9;0
27;2024-02-09;2024-02-21;2024-02-17;2024-02-09;9;0
28;2024-02-14;2024-02-26;2024-02-22;2024-02-14;9;0
29;2024-02-14;2024-02-26;2024-02-22;2024-02-14;9;0
30;2024-02-14;2024-02-26;2024-02-22;2024-02-14;9;0
31;2024-02-15;2024-02-27;2024-02-23;2024-02-15;9;0
32;2024-02-15;2024-02-27;2024-02-23;2024-02-15;9;0
33;2024-02-16;2024-02-28;2024-02-24;2024-02-16;9;0
34;2024-02-20;2024-03-03;2024-02-28;2024-02-20;9;0
35;2024-02-20;2024-02-29;2024-02-28;2024-02-20;9;0
36;2024-02-21;2024-03-04;2024-02-29;2024-02-21;9;0
37;2024-02-22;2024-03-05;2024-03-01;2024-02-22;9;0
38;2024-02-23;2024-03-06;2024-03-02;2024-02-23;9;0
39;2024-02-26;2024-03-06;2024-03-05;2024-02-26;9;0
40;2024-02-27;2024-03-10;2024-03-06;2024-02-27;9;0
41;2024-02-28;2024-03-11;2024-03-07;2024-02-28;9;0
42;2024-03-01;2024-03-13;2024-03-09;2024-03-01;9;0
43;2024-03-07;2024-03-19;2024-03-15;2024-03-05;9;2
44;2024-03-05;2024-03-17;2024-03-13;2024-03-05;9;0
45;2024-03-06;2024-03-18;2024-03-14;2024-03-06;9;0
46;2024-03-06;2024-03-18;2024-03-14;2024-03-06;9;0
47;2024-03-07;2024-03-18;2024-03-15;2024-03-07;9;0
48;2024-03-07;2024-03-19;2024-03-15;2024-03-07;9;0
49;2024-03-07;2024-03-19;2024-03-15;2024-03-07;9;0
50;2024-03-08;2024-03-20;2024-03-16;2024-03-08;9;0
51;2024-03-08;2024-03-20;2024-03-16;2024-03-08;9;0
52;2024-03-08;2024-03-20;2024-03-16;2024-03-08;9;0
53;2024-03-12;2024-03-24;2024-03-20;2024-03-12;9;0
54;2024-03-12;2024-03-21;2024-03-20;2024-03-12;9;0
55;2024-03-12;2024-03-24;2024-03-20;2024-03-12;9;0
56;2024-03-12;2024-03-24;2024-03-20;2024-03-12;9;0
57;2024-03-13;2024-03-25;2024-03-21;2024-03-13;9;0
58;2024-03-13;2024-03-25;2024-03-21;2024-03-13;9;0
59;2024-03-13;2024-03-25;2024-03-21;2024-03-13;9;0
60;2024-03-13;2024-03-25;2024-03-21;2024-03-13;9;0
61;2024-03-14;2024-03-26;2024-03-22;2024-03-14;9;0
62;2024-03-14;2024-03-26;2024-03-22;2024-03-14;9;0
63;2024-03-14;2024-03-26;2024-03-22;2024-03-14;9;0
64;2024-03-15;2024-03-27;2024-03-23;2024-03-15;9;0
65;2024-03-15;2024-03-27;2024-03-23;2024-03-15;9;0
66;2024-03-15;2024-03-25;2024-03-23;2024-03-15;9;0
67;2024-03-15;2024-03-27;2024-03-23;2024-03-15;9;0
68;2024-03-18;2024-03-27;2024-03-26;2024-03-18;9;0
69;2024-03-19;2024-03-31;2024-03-27;2024-03-19;9;0
70;2024-03-19;2024-03-31;2024-03-27;2024-03-19;9;0
71;2024-03-19;2024-03-28;2024-03-27;2024-03-19;9;0
72;2024-03-19;2024-03-31;2024-03-27;2024-03-19;9;0
73;2024-03-20;2024-04-01;2024-03-28;2024-03-20;9;0
74;2024-03-20;2024-04-08;2024-03-28;2024-03-20;9;0
75;2024-03-21;2024-04-02;2024-03-29;2024-03-21;9;0
76;2024-03-21;2024-04-02;2024-03-29;2024-03-21;9;0
77;2024-03-21;2024-04-02;2024-03-29;2024-03-21;9;0
78;2024-03-25;2024-04-03;2024-04-02;2024-03-25;9;0
79;2024-03-26;2024-04-04;2024-04-03;2024-03-26;9;0
80;2024-03-26;2024-04-07;2024-04-03;2024-03-26;9;0
81;2024-03-28;2024-04-09;2024-04-05;2024-03-28;9;0
82;2024-03-28;2024-04-09;2024-04-05;2024-03-28;9;0
83;2024-03-28;2024-04-09;2024-04-05;2024-03-28;9;0
84;2024-03-29;2024-04-10;2024-04-06;2024-03-29;9;0
85;2024-03-29;2024-04-10;2024-04-06;2024-03-29;9;0
86;2024-03-29;2024-04-10;2024-04-06;2024-03-29;9;0
87;2024-03-29;2024-04-10;2024-04-06;2024-03-29;9;0
88;2024-04-02;2024-04-14;2024-04-10;2024-04-02;9;0
89;2024-04-02;2024-04-14;2024-04-10;2024-04-02;9;0
90;2024-04-02;2024-04-11;2024-04-10;2024-04-02;9;0
91;2024-04-02;2024-04-11;2024-04-10;2024-04-02;9;0
92;2024-04-02;2024-04-14;2024-04-10;2024-04-02;9;0
93;2024-05-02;2024-05-14;2024-05-10;2024-04-02;9;30
94;2024-04-03;2024-04-15;2024-04-11;2024-04-03;9;0
95;2024-04-03;2024-04-15;2024-04-11;2024-04-03;9;0
96;2024-04-03;2024-04-15;2024-04-11;2024-04-03;9;0
97;2024-04-04;2024-04-16;2024-04-12;2024-04-04;9;0
98;2024-04-04;2024-04-16;2024-04-12;2024-04-04;9;0
99;2024-04-26;2024-05-08;2024-05-04;2024-04-04;9;22
100;2024-04-04;2024-04-15;2024-04-12;2024-04-04;9;0
101;2024-04-05;2024-04-17;2024-04-13;2024-04-05;9;0
102;2024-04-05;2024-04-17;2024-04-13;2024-04-05;9;0
103;2024-04-05;2024-04-17;2024-04-13;2024-04-05;9;0
104;2024-04-09;2024-04-21;2024-04-17;2024-04-09;9;0
105;2024-04-09;2024-04-21;2024-04-17;2024-04-09;9;0
106;2024-04-09;2024-04-21;2024-04-17;2024-04-09;9;0
107;2024-04-09;2024-04-18;2024-04-17;2024-04-09;9;0
108;2024-04-09;2024-04-18;2024-04-17;2024-04-09;9;0
109;2024-04-10;2024-04-22;2024-04-18;2024-04-10;9;0
110;2024-04-10;2024-04-22;2024-04-18;2024-04-10;9;0
111;2024-04-10;2024-04-22;2024-04-18;2024-04-10;9;0
112;2024-04-11;2024-04-22;2024-04-19;2024-04-11;9;0
113;2024-04-11;2024-04-23;2024-04-19;2024-04-11;9;0
114;2024-04-11;2024-04-22;2024-04-19;2024-04-11;9;0
115;2024-04-11;2024-04-23;2024-04-19;2024-04-11;9;0
116;2024-04-11;2024-04-22;2024-04-19;2024-04-11;9;0
117;2024-04-11;2024-04-23;2024-04-19;2024-04-11;9;0
118;2024-04-12;2024-04-22;2024-04-20;2024-04-12;9;0
119;2024-04-12;2024-04-24;2024-04-20;2024-04-12;9;0
120;2024-04-12;2024-04-24;2024-04-20;2024-04-12;9;0
121;2024-04-12;2024-04-24;2024-04-20;2024-04-12;9;0
122;2024-04-16;2024-04-28;2024-04-24;2024-04-16;9;0
123;2024-04-16;2024-04-28;2024-04-24;2024-04-16;9;0
124;2024-04-16;2024-04-28;2024-04-24;2024-04-16;9;0
125;2024-04-17;2024-04-29;2024-04-25;2024-04-17;9;0
126;2024-04-17;2024-04-29;2024-04-25;2024-04-17;9;0
127;2024-04-17;2024-04-29;2024-04-25;2024-04-17;9;0
128;2024-04-18;2024-04-30;2024-04-26;2024-04-18;9;0
129;2024-04-18;2024-04-30;2024-04-26;2024-04-18;9;0
130;2024-04-19;2024-05-01;2024-04-27;2024-04-18;9;1
131;2024-04-19;2024-05-01;2024-04-27;2024-04-19;9;0
132;2024-04-19;2024-05-01;2024-04-27;2024-04-19;9;0
133;2024-04-19;2024-05-01;2024-04-27;2024-04-19;9;0
134;2024-04-23;2024-05-05;2024-05-01;2024-04-23;9;0
135;2024-04-23;2024-05-05;2024-05-01;2024-04-23;9;0
136;2024-04-23;2024-05-02;2024-05-01;2024-04-23;9;0
137;2024-04-23;2024-05-05;2024-05-01;2024-04-23;9;0
138;2024-04-23;2024-05-02;2024-05-01;2024-04-23;9;0
139;2024-04-24;2024-05-06;2024-05-02;2024-04-24;9;0
140;2024-04-24;2024-05-06;2024-05-02;2024-04-24;9;0
141;2024-04-24;2024-05-06;2024-05-02;2024-04-24;9;0
142;2024-04-26;2024-05-13;2024-05-04;2024-04-26;9;0
143;2024-04-26;2024-05-06;2024-05-04;2024-04-26;9;0
144;2024-04-26;2024-05-06;2024-05-04;2024-04-26;9;0
145;2024-04-26;2024-05-08;2024-05-04;2024-04-26;9;0
146;2024-04-26;2024-05-08;2024-05-04;2024-04-26;9;0
147;2024-04-26;2024-05-08;2024-05-04;2024-04-26;9;0
148;2024-04-30;2024-05-12;2024-05-08;2024-04-30;9;0
149;2024-04-30;2024-05-12;2024-05-08;2024-04-30;9;0
150;2024-04-30;2024-05-12;2024-05-08;2024-04-30;9;0
151;2024-05-02;2024-05-13;2024-05-10;2024-05-02;9;0
152;2024-05-02;2024-05-14;2024-05-10;2024-05-02;9;0
153;2024-05-03;2024-05-15;2024-05-11;2024-05-02;9;1
154;2024-05-02;2024-05-14;2024-05-10;2024-05-02;9;0
155;2024-05-03;2024-05-13;2024-05-11;2024-05-03;9;0
156;2024-05-03;2024-05-15;2024-05-11;2024-05-03;9;0
157;2024-05-03;2024-05-15;2024-05-11;2024-05-03;9;0
158;2024-05-03;2024-05-15;2024-05-11;2024-05-03;9;0
159;2024-05-06;2024-05-15;2024-05-14;2024-05-06;9;0
160;2024-05-06;2024-05-15;2024-05-14;2024-05-06;9;0
161;2024-05-07;2024-05-19;2024-05-15;2024-05-07;9;0
162;2024-05-07;2024-05-19;2024-05-15;2024-05-07;9;0
163;2024-05-07;2024-05-16;2024-05-15;2024-05-07;9;0
164;2024-05-07;2024-05-19;2024-05-15;2024-05-07;9;0
165;2024-05-08;2024-05-20;2024-05-16;2024-05-08;9;0
166;2024-05-08;2024-05-17;2024-05-16;2024-05-08;9;0
167;2024-05-08;2024-05-20;2024-05-16;2024-05-08;9;0
168;2024-05-08;2024-05-20;2024-05-16;2024-05-08;9;0
169;2024-05-09;2024-05-21;2024-05-17;2024-05-09;9;0
170;2024-05-09;2024-05-21;2024-05-17;2024-05-09;9;0
171;2024-05-09;2024-05-20;2024-05-17;2024-05-09;9;0
172;2024-05-09;2024-05-21;2024-05-17;2024-05-09;9;0
173;2024-05-10;2024-05-22;2024-05-18;2024-05-10;9;0
174;2024-05-10;2024-05-22;2024-05-18;2024-05-10;9;0
175;2024-05-10;2024-05-22;2024-05-18;2024-05-10;9;0
176;2024-05-13;2024-05-22;2024-05-21;2024-05-13;9;0
177;2024-05-14;2024-05-23;2024-05-22;2024-05-14;9;0
178;2024-05-14;2024-05-26;2024-05-22;2024-05-14;9;0
179;2024-05-14;2024-05-26;2024-05-22;2024-05-14;9;0
180;2024-05-14;2024-05-23;2024-05-22;2024-05-14;9;0
181;2024-05-14;2024-05-26;2024-05-22;2024-05-14;9;0
182;2024-05-14;2024-05-26;2024-05-22;2024-05-14;9;0
183;2024-05-14;2024-05-23;2024-05-22;2024-05-14;9;0
184;2024-05-15;2024-05-27;2024-05-23;2024-05-15;9;0
185;2024-05-15;2024-05-27;2024-05-23;2024-05-15;9;0
186;2024-05-15;2024-05-27;2024-05-23;2024-05-15;9;0
187;2024-05-16;2024-05-28;2024-05-24;2024-05-16;9;0
188;2024-05-16;2024-05-28;2024-05-24;2024-05-16;9;0
189;2024-05-16;2024-05-28;2024-05-24;2024-05-16;9;0
190;2024-05-16;2024-05-28;2024-05-24;2024-05-16;9;0
191;2024-05-17;2024-05-29;2024-05-25;2024-05-17;9;0
192;2024-05-17;2024-05-29;2024-05-25;2024-05-17;9;0
193;2024-05-17;2024-05-29;2024-05-25;2024-05-17;9;0
194;2024-05-21;2024-06-02;2024-05-29;2024-05-21;9;0
195;2024-05-21;2024-06-02;2024-05-29;2024-05-21;9;0
196;2024-05-21;2024-06-02;2024-05-29;2024-05-21;9;0
197;2024-05-21;2024-05-30;2024-05-29;2024-05-21;9;0
198;2024-05-21;2024-06-02;2024-05-29;2024-05-21;9;0
199;2024-05-21;2024-05-30;2024-05-29;2024-05-21;9;0
200;2024-05-22;2024-06-03;2024-05-30;2024-05-22;9;0
201;2024-05-22;2024-06-03;2024-05-30;2024-05-22;9;0
202;2024-05-22;2024-06-03;2024-05-30;2024-05-22;9;0
203;2024-05-22;2024-06-03;2024-05-30;2024-05-22;9;0
204;2024-05-23;2024-06-04;2024-05-31;2024-05-23;9;0
205;2024-05-23;2024-06-04;2024-05-31;2024-05-23;9;0
206;2024-05-23;2024-06-04;2024-05-31;2024-05-23;9;0
207;2024-05-23;2024-06-03;2024-05-31;2024-05-23;9;0
208;2024-05-24;2024-06-05;2024-06-01;2024-05-24;9;0
209;2024-05-24;2024-06-05;2024-06-01;2024-05-24;9;0
210;2024-05-24;2024-06-05;2024-06-01;2024-05-24;9;0
211;2024-05-27;2024-06-05;2024-06-04;2024-05-27;9;0
212;2024-05-27;2024-06-05;2024-06-04;2024-05-27;9;0
213;2024-05-28;2024-06-13;2024-06-05;2024-05-28;9;0
214;2024-05-29;2024-06-10;2024-06-06;2024-05-28;9;1
215;2024-05-28;2024-06-09;2024-06-05;2024-05-28;9;0
216;2024-05-29;2024-06-10;2024-06-06;2024-05-29;9;0
217;2024-05-29;2024-06-10;2024-06-06;2024-05-29;9;0
218;2024-05-29;2024-06-10;2024-06-06;2024-05-29;9;0
219;2024-05-29;2024-06-07;2024-06-06;2024-05-29;9;0
220;2024-05-30;2024-06-11;2024-06-07;2024-05-30;9;0
221;2024-05-30;2024-06-11;2024-06-07;2024-05-30;9;0
222;2024-05-30;2024-06-19;2024-06-07;2024-05-30;9;0
223;2024-05-30;2024-06-10;2024-06-07;2024-05-30;9;0
224;2024-05-30;2024-06-10;2024-06-07;2024-05-30;9;0
225;2024-05-31;2024-06-12;2024-06-08;2024-05-31;9;0
226;2024-05-31;2024-06-12;2024-06-08;2024-05-31;9;0
227;2024-05-31;2024-06-10;2024-06-08;2024-05-31;9;0
228;2024-06-21;2024-07-03;2024-06-29;2024-05-31;9;21
229;2024-06-04;2024-06-16;2024-06-12;2024-06-04;9;0
230;2024-06-04;2024-06-16;2024-06-12;2024-06-04;9;0
231;2024-06-04;2024-06-16;2024-06-12;2024-06-04;9;0
232;2024-06-04;2024-06-16;2024-06-12;2024-06-04;9;0
233;2024-06-05;2024-06-17;2024-06-13;2024-06-05;9;0
234;2024-06-05;2024-06-17;2024-06-13;2024-06-05;9;0
235;2024-06-05;2024-06-17;2024-06-13;2024-06-05;9;0
236;2024-06-06;2024-06-18;2024-06-14;2024-06-06;9;0
237;2024-06-06;2024-06-18;2024-06-14;2024-06-06;9;0
238;2024-06-06;2024-06-17;2024-06-14;2024-06-06;9;0
239;2024-06-06;2024-06-18;2024-06-14;2024-06-06;9;0
240;2024-06-07;2024-06-19;2024-06-15;2024-06-07;9;0
241;2024-06-07;2024-06-19;2024-06-15;2024-06-07;9;0
242;2024-06-07;2024-06-19;2024-06-15;2024-06-07;9;0
243;2024-06-11;2024-06-23;2024-06-19;2024-06-11;9;0
244;2024-06-11;2024-06-23;2024-06-19;2024-06-11;9;0
245;2024-06-11;2024-06-23;2024-06-19;2024-06-11;9;0
246;2024-06-12;2024-06-24;2024-06-20;2024-06-12;9;0
247;2024-06-12;2024-06-24;2024-06-20;2024-06-12;9;0
248;2024-06-12;2024-06-24;2024-06-20;2024-06-12;9;0
249;2024-06-13;2024-06-25;2024-06-21;2024-06-13;9;0
250;2024-06-13;2024-06-25;2024-06-21;2024-06-13;9;0
251;2024-06-13;2024-06-25;2024-06-21;2024-06-13;9;0
252;2024-06-14;2024-06-26;2024-06-22;2024-06-14;9;0
253;2024-06-14;2024-06-26;2024-06-22;2024-06-14;9;0
254;2024-06-14;2024-06-26;2024-06-22;2024-06-14;9;0
255;2024-06-18;2024-06-30;2024-06-26;2024-06-18;9;0
256;2024-06-18;2024-06-30;2024-06-26;2024-06-18;9;0
257;2024-06-18;2024-06-30;2024-06-26;2024-06-18;9;0
258;2024-06-19;2024-07-01;2024-06-27;2024-06-19;9;0
259;2024-06-19;2024-07-01;2024-06-27;2024-06-19;9;0
260;2024-06-19;2024-07-01;2024-06-27;2024-06-19;9;0
261;2024-06-19;2024-07-01;2024-06-27;2024-06-19;9;0
262;2024-06-20;2024-07-02;2024-06-28;2024-06-20;9;0
263;2024-06-20;2024-07-02;2024-06-28;2024-06-20;9;0
264;2024-06-20;2024-07-02;2024-06-28;2024-06-20;9;0
265;2024-06-21;2024-07-03;2024-06-29;2024-06-21;9;0
266;2024-06-21;2024-07-03;2024-06-29;2024-06-21;9;0
267;2024-06-21;2024-07-03;2024-06-29;2024-06-21;9;0
268;2024-06-24;2024-07-03;2024-07-02;2024-06-24;9;0
269;2024-06-24;2024-07-15;2024-07-02;2024-06-24;9;0
270;2024-06-24;2024-07-15;2024-07-02;2024-06-24;9;0
271;2024-06-25;2024-07-07;2024-07-03;2024-06-25;9;0
272;2024-06-25;2024-07-07;2024-07-03;2024-06-25;9;0
273;2024-06-25;2024-07-07;2024-07-03;2024-06-25;9;0
274;2024-06-26;2024-07-08;2024-07-04;2024-06-26;9;0
275;2024-06-26;2024-07-08;2024-07-04;2024-06-26;9;0
276;2024-07-17;2024-07-29;2024-07-25;2024-06-27;9;20
277;2024-06-27;2024-07-09;2024-07-05;2024-06-27;9;0
278;2024-06-27;2024-07-09;2024-07-05;2024-06-27;9;0
279;2024-06-28;2024-07-10;2024-07-06;2024-06-28;9;0
280;2024-06-28;2024-07-10;2024-07-06;2024-06-28;9;0
281;2024-06-28;2024-07-10;2024-07-06;2024-06-28;9;0
282;2024-07-01;2024-07-10;2024-07-09;2024-07-01;9;0
283;2024-07-02;2024-07-14;2024-07-10;2024-07-02;9;0
284;2024-07-02;2024-07-11;2024-07-10;2024-07-02;9;0
285;2024-07-02;2024-07-14;2024-07-10;2024-07-02;9;0
286;2024-07-02;2024-07-14;2024-07-10;2024-07-02;9;0
287;2024-07-02;2024-07-14;2024-07-10;2024-07-02;9;0
288;2024-07-03;2024-07-15;2024-07-11;2024-07-03;9;0
289;2024-07-03;2024-07-15;2024-07-11;2024-07-03;9;0
290;2024-07-03;2024-07-15;2024-07-11;2024-07-03;9;0
291;2024-07-04;2024-07-16;2024-07-12;2024-07-04;9;0
292;2024-07-04;2024-07-16;2024-07-12;2024-07-04;9;0
293;2024-07-04;2024-07-16;2024-07-12;2024-07-04;9;0
294;2024-07-04;2024-07-16;2024-07-12;2024-07-04;9;0
295;2024-07-04;2024-07-16;2024-07-12;2024-07-04;9;0
296;2024-07-05;2024-07-17;2024-07-13;2024-07-05;9;0
297;2024-07-05;2024-07-17;2024-07-13;2024-07-05;9;0
298;2024-07-05;2024-07-17;2024-07-13;2024-07-05;9;0
299;2024-07-09;2024-07-21;2024-07-17;2024-07-09;9;0
300;2024-07-09;2024-07-21;2024-07-17;2024-07-09;9;0
301;2024-07-09;2024-07-18;2024-07-17;2024-07-09;9;0
302;2024-07-10;2024-07-22;2024-07-18;2024-07-10;9;0
303;2024-07-10;2024-07-22;2024-07-18;2024-07-10;9;0
304;2024-07-10;2024-07-22;2024-07-18;2024-07-10;9;0
305;2024-07-11;2024-07-22;2024-07-19;2024-07-11;9;0
306;2024-07-11;2024-07-23;2024-07-19;2024-07-11;9;0
307;2024-07-11;2024-07-23;2024-07-19;2024-07-11;9;0
308;2024-07-11;2024-07-23;2024-07-19;2024-07-11;9;0
309;2024-07-12;2024-07-24;2024-07-20;2024-07-12;9;0
310;2024-07-12;2024-07-24;2024-07-20;2024-07-12;9;0
311;2024-07-12;2024-07-24;2024-07-20;2024-07-12;9;0
312;2024-07-16;2024-07-28;2024-07-24;2024-07-16;9;0
313;2024-07-16;2024-07-28;2024-07-24;2024-07-16;9;0
314;2024-07-16;2024-07-28;2024-07-24;2024-07-16;9;0
315;2024-07-16;2024-07-28;2024-07-24;2024-07-16;9;0
316;2024-07-17;2024-07-29;2024-07-25;2024-07-17;9;0
317;2024-07-17;2024-07-29;2024-07-25;2024-07-17;9;0
318;2024-07-18;2024-07-30;2024-07-26;2024-07-18;9;0
319;2024-07-18;2024-07-30;2024-07-26;2024-07-18;9;0
320;2024-07-18;2024-07-30;2024-07-26;2024-07-18;9;0
321;2024-07-19;2024-07-31;2024-07-27;2024-07-19;9;0
322;2024-07-19;2024-07-31;2024-07-27;2024-07-19;9;0
323;2024-07-19;2024-07-29;2024-07-27;2024-07-19;9;0
324;2024-08-02;2024-08-14;2024-08-10;2024-07-19;9;14
325;2024-07-23;2024-08-04;2024-07-31;2024-07-23;9;0
326;2024-09-03;2024-09-15;2024-09-11;2024-07-23;9;42
327;2024-07-23;2024-08-04;2024-07-31;2024-07-23;9;0
328;2024-07-23;2024-08-01;2024-07-31;2024-07-23;9;0
329;2024-07-23;2024-08-01;2024-07-31;2024-07-23;9;0
330;2024-07-24;2024-08-05;2024-08-01;2024-07-24;9;0
331;2024-07-24;2024-08-05;2024-08-01;2024-07-24;9;0
332;2024-07-24;2024-08-05;2024-08-01;2024-07-24;9;0
333;2024-07-25;2024-08-06;2024-08-02;2024-07-25;9;0
334;2024-07-25;2024-08-06;2024-08-02;2024-07-25;9;0
335;2024-07-25;2024-08-06;2024-08-02;2024-07-25;9;0
336;2024-07-26;2024-08-07;2024-08-03;2024-07-26;9;0
337;2024-07-26;2024-08-07;2024-08-03;2024-07-26;9;0
338;2024-07-30;2024-08-11;2024-08-07;2024-07-30;9;0
339;2024-07-30;2024-08-11;2024-08-07;2024-07-30;9;0
340;2024-07-30;2024-08-11;2024-08-07;2024-07-30;9;0
341;2024-07-31;2024-08-12;2024-08-08;2024-07-31;9;0
342;2024-07-31;2024-08-12;2024-08-08;2024-07-31;9;0
343;2024-08-01;2024-08-13;2024-08-09;2024-08-01;9;0
344;2024-08-01;2024-08-12;2024-08-09;2024-08-01;9;0
345;2024-08-01;2024-08-13;2024-08-09;2024-08-01;9;0
346;2024-08-01;2024-08-13;2024-08-09;2024-08-01;9;0
347;2024-08-02;2024-08-14;2024-08-10;2024-08-02;9;0
348;2024-08-02;2024-08-12;2024-08-10;2024-08-02;9;0
349;2024-08-06;2024-08-18;2024-08-14;2024-08-06;9;0
350;2024-08-07;2024-08-19;2024-08-15;2024-08-07;9;0
351;2024-08-07;2024-08-19;2024-08-15;2024-08-07;9;0
352;2024-08-08;2024-08-20;2024-08-16;2024-08-08;9;0
353;2024-08-08;2024-08-20;2024-08-16;2024-08-08;9;0
354;2024-08-09;2024-08-21;2024-08-17;2024-08-09;9;0
355;2024-08-09;2024-08-21;2024-08-17;2024-08-09;9;0
356;2024-08-20;2024-09-01;2024-08-28;2024-08-20;9;0
357;2024-08-20;2024-09-01;2024-08-28;2024-08-20;9;0
358;2024-08-20;2024-09-01;2024-08-28;2024-08-20;9;0
359;2024-08-21;2024-09-02;2024-08-29;2024-08-21;9;0
360;2024-08-22;2024-09-03;2024-08-30;2024-08-22;9;0
361;2024-08-27;2024-09-08;2024-09-04;2024-08-27;9;0
362;2024-08-27;2024-09-05;2024-09-04;2024-08-27;9;0
363;2024-08-27;2024-09-08;2024-09-04;2024-08-27;9;0
364;2024-08-29;2024-09-10;2024-09-06;2024-08-29;9;0
365;2024-08-29;2024-09-10;2024-09-06;2024-08-29;9;0
366;2024-08-30;2024-09-11;2024-09-07;2024-08-30;9;0
367;2024-08-30;2024-09-11;2024-09-07;2024-08-30;9;0
368;2024-09-03;2024-09-15;2024-09-11;2024-09-03;9;0
369;2024-09-03;2024-09-15;2024-09-11;2024-09-03;9;0
370;2024-09-04;2024-09-16;2024-09-12;2024-09-04;9;0
371;2024-09-05;2024-09-17;2024-09-13;2024-09-05;9;0
372;2024-09-05;2024-09-17;2024-09-13;2024-09-05;9;0
373;2024-09-06;2024-09-18;2024-09-14;2024-09-06;9;0
374;2024-09-06;2024-09-18;2024-09-14;2024-09-06;9;0
375;2024-09-11;2024-09-23;2024-09-19;2024-09-11;9;0
376;2024-09-11;2024-09-23;2024-09-19;2024-09-11;9;0
377;2024-09-12;2024-09-24;2024-09-20;2024-09-12;9;0
378;2024-09-13;2024-10-03;2024-09-21;2024-09-13;9;0
379;2024-09-18;2024-09-30;2024-09-26;2024-09-18;9;0
380;2024-09-19;2024-10-01;2024-09-27;2024-09-19;9;0
381;2024-09-20;2024-10-02;2024-09-28;2024-09-20;9;0
382;2024-10-23;2024-11-04;2024-10-31;2024-09-20;9;33
383;2024-09-24;2024-10-06;2024-10-02;2024-09-24;9;0
384;2024-09-24;2024-10-06;2024-10-02;2024-09-24;9;0
385;2024-09-26;2024-10-08;2024-10-04;2024-09-26;9;0
386;2024-09-27;2024-10-09;2024-10-05;2024-09-27;9;0
387;2024-09-27;2024-10-09;2024-10-05;2024-09-27;9;0
388;2024-09-27;2024-10-09;2024-10-05;2024-09-27;9;0
389;2024-10-01;2024-10-13;2024-10-09;2024-10-01;9;0
390;2024-10-02;2024-11-12;2024-10-10;2024-10-02;9;0
391;2024-10-02;2024-10-14;2024-10-10;2024-10-02;9;0
392;2024-10-02;2024-10-14;2024-10-10;2024-10-02;9;0
393;2024-10-03;2024-10-15;2024-10-11;2024-10-03;9;0
394;2024-10-04;2024-10-16;2024-10-12;2024-10-04;9;0
395;2024-10-07;2024-10-16;2024-10-15;2024-10-07;9;0
396;2024-10-08;2024-10-20;2024-10-16;2024-10-08;9;0
397;2024-10-11;2024-10-23;2024-10-19;2024-10-11;9;0
398;2024-10-11;2024-10-23;2024-10-19;2024-10-11;9;0
399;2024-10-11;2024-10-23;2024-10-19;2024-10-11;9;0
400;2024-10-14;2024-10-26;2024-10-22;2024-10-14;9;0
401;2024-10-15;2024-10-27;2024-10-23;2024-10-15;9;0
402;2024-10-16;2024-10-28;2024-10-24;2024-10-16;9;0
403;2024-10-22;2024-11-03;2024-10-30;2024-10-22;9;0
404;2024-10-22;2024-11-03;2024-10-30;2024-10-22;9;0
405;2024-10-24;2024-11-05;2024-11-01;2024-10-24;9;0
406;2024-10-24;2024-11-05;2024-11-01;2024-10-24;9;0
407;2024-10-30;2024-11-08;2024-11-07;2024-10-30;9;0
408;2024-10-31;2024-11-12;2024-11-08;2024-10-31;9;0
409;2024-11-06;2024-11-18;2024-11-14;2024-11-06;9;0
410;2024-11-07;2024-11-19;2024-11-15;2024-11-07;9;0
411;2024-11-07;2024-11-19;2024-11-15;2024-11-07;9;0
412;2024-11-08;2024-11-20;2024-11-16;2024-11-08;9;0
413;2024-11-08;2024-11-20;2024-11-16;2024-11-08;9;0
414;2024-11-11;2024-11-20;2024-11-19;2024-11-11;9;0
415;2024-11-12;2024-11-24;2024-11-20;2024-11-12;9;0
416;2024-11-12;2024-11-24;2024-11-20;2024-11-12;9;0
417;2024-11-12;2024-11-24;2024-11-20;2024-11-12;9;0
418;2024-11-13;2024-11-22;2024-11-21;2024-11-13;9;0
419;2024-11-15;2024-11-27;2024-11-23;2024-11-15;9;0
420;2024-11-15;2024-11-27;2024-11-23;2024-11-15;9;0
421;2024-11-15;2024-11-27;2024-11-23;2024-11-15;9;0
422;2024-11-20;2024-12-02;2024-11-28;2024-11-20;9;0
423;2024-11-21;2024-12-02;2024-11-29;2024-11-21;9;0
424;2024-11-21;2024-12-03;2024-11-29;2024-11-21;9;0
425;2024-11-22;2024-12-04;2024-11-30;2024-11-22;9;0
426;2025-01-03;2025-01-15;2025-01-11;2024-11-26;9;38
427;2024-11-27;2024-12-09;2024-12-05;2024-11-26;9;1
428;2024-12-02;2024-12-14;2024-12-10;2024-11-27;9;5
429;2024-11-27;2024-12-09;2024-12-05;2024-11-27;9;0
430;2024-12-09;2024-12-21;2024-12-17;2024-12-09;9;0
431;2024-12-10;2024-12-22;2024-12-18;2024-12-10;9;0
432;2024-12-11;2024-12-20;2024-12-19;2024-12-11;9;0
433;2024-12-13;2024-12-25;2024-12-21;2024-12-13;9;0
434;2024-12-13;2024-12-25;2024-12-21;2024-12-13;9;0
435;2024-12-18;2024-12-30;2024-12-26;2024-12-18;9;0
436;2024-12-19;2024-12-31;2024-12-27;2024-12-19;9;0
437;2024-12-20;2025-01-01;2024-12-28;2024-12-20;9;0
438;2024-12-20;2025-01-01;2024-12-28;2024-12-20;9;0
